epoch,train_loss,val_loss
1,647.2317438605112,188.75848036927061
2,138.9933520482239,41.84080966107257
3,78.79897537444558,37.240354587505394
4,58.56712827202994,59.879152867701144
5,51.015922152130294,43.8930359382134
6,44.45726549159215,58.58706238981965
7,41.83417492339065,43.62706543563248
8,39.64824991918809,30.355025427682058
9,36.74475404536924,33.798255400224164
10,36.11731821198703,28.387792636821796
11,34.97867882051948,26.4790086622362
12,32.41984039178774,33.66671170816793
