rmse,mae,mape,r2
5.08497044358909,4.033013671163529,6.019851365615193,0.9749707066298045
