accuracy,precision_macro,recall_macro,f1_macro
0.9121031746031746,0.9034471288096436,0.9080503490300437,0.9055441358080497
